```SQL
create user 'haroen' identified by '';

grant all privileges on *.* to 'haroen' with grant option;

create database cafe;

use cafe;

create table cafe (
    artikel_id int not null auto_increment,
    beschr varchar(60) not null,
    voorraad smallint not null default 0,
    eenheid varchar(20),
    primary key (artikel_id)
) engine='innodb';

show databases;
```

```SQL
+--------------------+
| Database           |
+--------------------+
| information_schema |
| cafe               |
| mysql              |
| performance_schema |
| test               |
+--------------------+
5 rows in set (0.10 sec)
```
```SQL
DESC cafe;
+------------+-------------+------+-----+---------+----------------+
| Field      | Type        | Null | Key | Default | Extra          |
+------------+-------------+------+-----+---------+----------------+
| artikel_id | int(11)     | NO   | PRI | NULL    | auto_increment |
| beschr     | varchar(60) | NO   |     | NULL    |                |
| voorraad   | smallint(6) | NO   |     | 0       |                |
| eenheid    | varchar(20) | YES  |     | NULL    |                |
+------------+-------------+------+-----+---------+----------------+
4 rows in set (0.04 sec)

mysql> create table artikelen (
    ->     artikel_id int not null auto_increment,
    ->     beschr varchar(60) not null,
    ->     voorraad smallint not null default 0,
    ->     eenheid varchar(20),
    ->     prijs decimal(5,2) not null,
    ->     primary key (artikel_id)
    -> ) engine='innodb';


mysql> desc artikelen;
+------------+--------------+------+-----+---------+----------------+
| Field      | Type         | Null | Key | Default | Extra          |
+------------+--------------+------+-----+---------+----------------+
| artikel_id | int(11)      | NO   | PRI | NULL    | auto_increment |
| beschr     | varchar(60)  | NO   |     | NULL    |                |
| voorraad   | smallint(6)  | NO   |     | 0       |                |
| eenheid    | varchar(20)  | YES  |     | NULL    |                |
| prijs      | decimal(5,2) | NO   |     | NULL    |                |
+------------+--------------+------+-----+---------+----------------+
5 rows in set (0.01 sec)

mysql> insert into artikelen (beschr,voorraad,eenheid) VALUES("Palm 24 x 33cl","20","bak"),("Palm 24 x 25cl","20","bak");
 (0.06 sec)
Records: 2  Duplicates: 0  Warnings: 1

mysql> select * from artikelen;
+------------+----------------+----------+---------+-------+
| artikel_id | beschr         | voorraad | eenheid | prijs |
+------------+----------------+----------+---------+-------+
|          1 | Palm 24 x 33cl |       20 | bak     |  0.00 |
|          2 | Palm 24 x 25cl |       20 | bak     |  0.00 |
+------------+----------------+----------+---------+-------+
2 rows in set (0.00 sec)

mysql> insert into artikelen (beschr,voorraad,eenheid) VALUES("rode huiswijn 75cl","20","fles"),("witte huiswijn 75cl","12","fles"),("Spa Rood 24 x 20cl","12","bak"),("Spa Blauw 24 x 20cl","15","bak"),("Geuze 75cl","24","fles"),("Westmalle 24 x 33cl","10","bak");
 (0.02 sec)
Records: 6  Duplicates: 0  Warnings: 1

mysql> select * from artikelen;
+------------+---------------------+----------+---------+-------+
| artikel_id | beschr              | voorraad | eenheid | prijs |
+------------+---------------------+----------+---------+-------+
|          1 | Palm 24 x 33cl      |       20 | bak     |  0.00 |
|          2 | Palm 24 x 25cl      |       20 | bak     |  0.00 |
|          3 | rode huiswijn 75cl  |       20 | fles    |  0.00 |
|          4 | witte huiswijn 75cl |       12 | fles    |  0.00 |
|          5 | Spa Rood 24 x 20cl  |       12 | bak     |  0.00 |
|          6 | Spa Blauw 24 x 20cl |       15 | bak     |  0.00 |
|          7 | Geuze 75cl          |       24 | fles    |  0.00 |
|          8 | Westmalle 24 x 33cl |       10 | bak     |  0.00 |
+------------+---------------------+----------+---------+-------+
8 rows in set (0.00 sec)

```SQL
UPDATE artikelen
    SET beschr = "Kriek Lindemans 37.5cl"
WHERE artikel_id = 7;
```

```
select * from artikelen;
```

```
+------------+------------------------+----------+---------+-------+
| artikel_id | beschr                 | voorraad | eenheid | prijs |
+------------+------------------------+----------+---------+-------+
|          1 | Palm 24 x 33cl         |       20 | bak     |  0.00 |
|          2 | Palm 24 x 25cl         |       20 | bak     |  0.00 |
|          3 | rode huiswijn 75cl     |       20 | fles    |  0.00 |
|          4 | witte huiswijn 75cl    |       12 | fles    |  0.00 |
|          5 | Spa Rood 24 x 20cl     |       12 | bak     |  0.00 |
|          6 | Spa Blauw 24 x 20cl    |       15 | bak     |  0.00 |
|          7 | Kriek Lindemans 37.5cl |       24 | fles    |  0.00 |
|          8 | Westmalle 24 x 33cl    |       10 | bak     |  0.00 |
+------------+------------------------+----------+---------+-------+
8 rows in set (0.00 sec)
```

```SQL
alter table artikelen change prijs prijs float(5.1);

select * from artikelen;
```

```
+------------+------------------------+----------+---------+-------+
| artikel_id | beschr                 | voorraad | eenheid | prijs |
+------------+------------------------+----------+---------+-------+
|          1 | Palm 24 x 33cl         |       20 | bak     |     0 |
|          2 | Palm 24 x 25cl         |       20 | bak     |     0 |
|          3 | rode huiswijn 75cl     |       20 | fles    |     0 |
|          4 | witte huiswijn 75cl    |       12 | fles    |     0 |
|          5 | Spa Rood 24 x 20cl     |       12 | bak     |     0 |
|          6 | Spa Blauw 24 x 20cl    |       15 | bak     |     0 |
|          7 | Kriek Lindemans 37.5cl |       24 | fles    |     0 |
|          8 | Westmalle 24 x 33cl    |       10 | bak     |     0 |
+------------+------------------------+----------+---------+-------+
```

```SQL
alter table artikelen change prijs prijs float(5.1) default "0.0";
```

```SQL
select * from artikelen;
```

```
+------------+------------------------+----------+---------+-------+
| artikel_id | beschr                 | voorraad | eenheid | prijs |
+------------+------------------------+----------+---------+-------+
|          1 | Palm 24 x 33cl         |       20 | bak     |     0 |
|          2 | Palm 24 x 25cl         |       20 | bak     |     0 |
|          3 | rode huiswijn 75cl     |       20 | fles    |     0 |
|          4 | witte huiswijn 75cl    |       12 | fles    |     0 |
|          5 | Spa Rood 24 x 20cl     |       12 | bak     |     0 |
|          6 | Spa Blauw 24 x 20cl    |       15 | bak     |     0 |
|          7 | Kriek Lindemans 37.5cl |       24 | fles    |     0 |
|          8 | Westmalle 24 x 33cl    |       10 | bak     |     0 |
+------------+------------------------+----------+---------+-------+
8 rows in set (0.00 sec)
```