```SQL
CREATE USER 'haroen' identified by '';

GRANT all privileges ON *.* to 'haroen' with GRANT option;

CREATE DATABASE cafe;

USE cafe;

CREATE TABLE cafe (
    artikel_id INT NOT NULL auto_increment,
    beschr VARCHAR(60) NOT NULL,
    voorraad SMALLINT NOT NULL default 0,
    eenheid VARCHAR(20),
    PRIMARY KEY (artikel_id)
) engine='innodb';

SHOW databases;

+--------------------+
| Database           |
+--------------------+
| information_schema |
| cafe               |
| mysql              |
| performance_schema |
| test               |
+--------------------+

DESC cafe;

+------------+-------------+------+-----+---------+----------------+
| Field      | Type        | Null | Key | Default | Extra          |
+------------+-------------+------+-----+---------+----------------+
| artikel_id | INT(11)     | NO   | PRI | NULL    | auto_increment |
| beschr     | VARCHAR(60) | NO   |     | NULL    |                |
| voorraad   | SMALLINT(6) | NO   |     | 0       |                |
| eenheid    | VARCHAR(20) | YES  |     | NULL    |                |
+------------+-------------+------+-----+---------+----------------+

CREATE TABLE artikelen (
    artikel_id INT NOT NULL auto_increment,
    beschr VARCHAR(60) NOT NULL,
    voorraad SMALLINT NOT NULL default 0,
    eenheid VARCHAR(20),
    prijs decimal(5,2) NOT NULL,
    PRIMARY KEY (artikel_id)
) engine='innodb';


DESC artikelen;

+------------+--------------+------+-----+---------+----------------+
| Field      | Type         | Null | Key | Default | Extra          |
+------------+--------------+------+-----+---------+----------------+
| artikel_id | INT(11)      | NO   | PRI | NULL    | auto_increment |
| beschr     | VARCHAR(60)  | NO   |     | NULL    |                |
| voorraad   | SMALLINT(6)  | NO   |     | 0       |                |
| eenheid    | VARCHAR(20)  | YES  |     | NULL    |                |
| prijs      | decimal(5,2) | NO   |     | NULL    |                |
+------------+--------------+------+-----+---------+----------------+

INSERT INTO artikelen (beschr,voorraad,eenheid) VALUES("Palm 24 x 33cl","20","bak"),("Palm 24 x 25cl","20","bak");

SELECT * FROM artikelen;

+------------+----------------+----------+---------+-------+
| artikel_id | beschr         | voorraad | eenheid | prijs |
+------------+----------------+----------+---------+-------+
|          1 | Palm 24 x 33cl |       20 | bak     |  0.00 |
|          2 | Palm 24 x 25cl |       20 | bak     |  0.00 |
+------------+----------------+----------+---------+-------+

INSERT INTO artikelen (beschr,voorraad,eenheid) VALUES("rode huiswijn 75cl","20","fles"),("witte huiswijn 75cl","12","fles"),("Spa Rood 24 x 20cl","12","bak"),("Spa Blauw 24 x 20cl","15","bak"),("Geuze 75cl","24","fles"),("Westmalle 24 x 33cl","10","bak");


SELECT * FROM artikelen;

+------------+---------------------+----------+---------+-------+
| artikel_id | beschr              | voorraad | eenheid | prijs |
+------------+---------------------+----------+---------+-------+
|          1 | Palm 24 x 33cl      |       20 | bak     |  0.00 |
|          2 | Palm 24 x 25cl      |       20 | bak     |  0.00 |
|          3 | rode huiswijn 75cl  |       20 | fles    |  0.00 |
|          4 | witte huiswijn 75cl |       12 | fles    |  0.00 |
|          5 | Spa Rood 24 x 20cl  |       12 | bak     |  0.00 |
|          6 | Spa Blauw 24 x 20cl |       15 | bak     |  0.00 |
|          7 | Geuze 75cl          |       24 | fles    |  0.00 |
|          8 | Westmalle 24 x 33cl |       10 | bak     |  0.00 |
+------------+---------------------+----------+---------+-------+
8 rows in set (0.00 sec)

UPDATE artikelen
    SET beschr = "Kriek Lindemans 37.5cl"
WHERE artikel_id = 7;

SELECT * FROM artikelen;

+------------+------------------------+----------+---------+-------+
| artikel_id | beschr                 | voorraad | eenheid | prijs |
+------------+------------------------+----------+---------+-------+
|          1 | Palm 24 x 33cl         |       20 | bak     |  0.00 |
|          2 | Palm 24 x 25cl         |       20 | bak     |  0.00 |
|          3 | rode huiswijn 75cl     |       20 | fles    |  0.00 |
|          4 | witte huiswijn 75cl    |       12 | fles    |  0.00 |
|          5 | Spa Rood 24 x 20cl     |       12 | bak     |  0.00 |
|          6 | Spa Blauw 24 x 20cl    |       15 | bak     |  0.00 |
|          7 | Kriek Lindemans 37.5cl |       24 | fles    |  0.00 |
|          8 | Westmalle 24 x 33cl    |       10 | bak     |  0.00 |
+------------+------------------------+----------+---------+-------+
8 rows in set (0.00 sec)

alter table artikelen change prijs prijs float(5.1);

SELECT * FROM artikelen;

+------------+------------------------+----------+---------+-------+
| artikel_id | beschr                 | voorraad | eenheid | prijs |
+------------+------------------------+----------+---------+-------+
|          1 | Palm 24 x 33cl         |       20 | bak     |     0 |
|          2 | Palm 24 x 25cl         |       20 | bak     |     0 |
|          3 | rode huiswijn 75cl     |       20 | fles    |     0 |
|          4 | witte huiswijn 75cl    |       12 | fles    |     0 |
|          5 | Spa Rood 24 x 20cl     |       12 | bak     |     0 |
|          6 | Spa Blauw 24 x 20cl    |       15 | bak     |     0 |
|          7 | Kriek Lindemans 37.5cl |       24 | fles    |     0 |
|          8 | Westmalle 24 x 33cl    |       10 | bak     |     0 |
+------------+------------------------+----------+---------+-------+

alter table artikelen change prijs prijs float(5.1) default "0.0";

SELECT * FROM artikelen;

+------------+------------------------+----------+---------+-------+
| artikel_id | beschr                 | voorraad | eenheid | prijs |
+------------+------------------------+----------+---------+-------+
|          1 | Palm 24 x 33cl         |       20 | bak     |     0 |
|          2 | Palm 24 x 25cl         |       20 | bak     |     0 |
|          3 | rode huiswijn 75cl     |       20 | fles    |     0 |
|          4 | witte huiswijn 75cl    |       12 | fles    |     0 |
|          5 | Spa Rood 24 x 20cl     |       12 | bak     |     0 |
|          6 | Spa Blauw 24 x 20cl    |       15 | bak     |     0 |
|          7 | Kriek Lindemans 37.5cl |       24 | fles    |     0 |
|          8 | Westmalle 24 x 33cl    |       10 | bak     |     0 |
+------------+------------------------+----------+---------+-------+
8 rows in set (0.00 sec)
```